ID,Estimated Speedup [%],Function Name,Demangled Name,Duration [ms],Runtime Improvement [ms],Compute Throughput [%],Memory Throughput [%],# Registers [register/thread],Grid Size,Block Size [block]
0,0.00,bitonic_sort_step,bitonic_sort_step..,"7,44","0,00","16,47","87,59",26,"262144,    1,    1","  512,    1,    1"
1,0.00,bitonic_sort_step,bitonic_sort_step..,"5,52","0,00","23,25","87,27",26,"262144,    1,    1","  512,    1,    1"
2,0.00,bitonic_sort_step,bitonic_sort_step..,"7,68","0,00","21,13","86,58",26,"262144,    1,    1","  512,    1,    1"
3,0.00,bitonic_sort_step,bitonic_sort_step..,"6,77","0,00","19,95","78,96",26,"262144,    1,    1","  512,    1,    1"
4,0.00,bitonic_sort_step,bitonic_sort_step..,"5,36","0,00","29,96","88,52",26,"262144,    1,    1","  512,    1,    1"
5,0.00,bitonic_sort_step,bitonic_sort_step..,"5,42","0,00","29,48","88,34",26,"262144,    1,    1","  512,    1,    1"
6,0.00,bitonic_sort_step,bitonic_sort_step..,"7,22","0,00","20,21","73,01",26,"262144,    1,    1","  512,    1,    1"
7,0.00,bitonic_sort_step,bitonic_sort_step..,"6,76","0,00","23,96","80,08",26,"262144,    1,    1","  512,    1,    1"
8,0.00,bitonic_sort_step,bitonic_sort_step..,"7,19","0,00","21,33","71,91",26,"262144,    1,    1","  512,    1,    1"
9,0.00,bitonic_sort_step,bitonic_sort_step..,"7,03","0,00","19,90","70,18",26,"262144,    1,    1","  512,    1,    1"
10,0.00,bitonic_sort_step,bitonic_sort_step..,"5,37","0,00","15,56","84,68",26,"262144,    1,    1","  512,    1,    1"
11,0.00,bitonic_sort_step,bitonic_sort_step..,"5,82","0,00","14,41","82,88",26,"262144,    1,    1","  512,    1,    1"
12,0.00,bitonic_sort_step,bitonic_sort_step..,"7,05","0,00","11,87","86,59",26,"262144,    1,    1","  512,    1,    1"
13,0.00,bitonic_sort_step,bitonic_sort_step..,"6,42","0,00","13,07","87,11",26,"262144,    1,    1","  512,    1,    1"
14,0.00,bitonic_sort_step,bitonic_sort_step..,"6,40","0,00","13,00","85,98",26,"262144,    1,    1","  512,    1,    1"
15,0.00,bitonic_sort_step,bitonic_sort_step..,"6,23","0,00","7,17","71,66",26,"262144,    1,    1","  512,    1,    1"
16,0.00,bitonic_sort_step,bitonic_sort_step..,"5,42","0,00","15,34","84,87",26,"262144,    1,    1","  512,    1,    1"
17,0.00,bitonic_sort_step,bitonic_sort_step..,"5,65","0,00","14,79","87,34",26,"262144,    1,    1","  512,    1,    1"
18,0.00,bitonic_sort_step,bitonic_sort_step..,"7,03","0,00","11,91","86,13",26,"262144,    1,    1","  512,    1,    1"
19,0.00,bitonic_sort_step,bitonic_sort_step..,"5,94","0,00","14,13","87,32",26,"262144,    1,    1","  512,    1,    1"
20,0.00,bitonic_sort_step,bitonic_sort_step..,"6,19","0,00","13,50","88,23",26,"262144,    1,    1","  512,    1,    1"
21,0.00,bitonic_sort_step,bitonic_sort_step..,"5,33","0,00","6,68","79,26",26,"262144,    1,    1","  512,    1,    1"
22,0.00,bitonic_sort_step,bitonic_sort_step..,"6,23","0,00","7,16","71,81",26,"262144,    1,    1","  512,    1,    1"
23,0.00,bitonic_sort_step,bitonic_sort_step..,"5,45","0,00","15,40","84,27",26,"262144,    1,    1","  512,    1,    1"
24,0.00,bitonic_sort_step,bitonic_sort_step..,"5,85","0,00","14,32","85,51",26,"262144,    1,    1","  512,    1,    1"
25,0.00,bitonic_sort_step,bitonic_sort_step..,"6,70","0,00","12,50","86,70",26,"262144,    1,    1","  512,    1,    1"
26,0.00,bitonic_sort_step,bitonic_sort_step..,"5,79","0,00","14,44","88,06",26,"262144,    1,    1","  512,    1,    1"
27,0.00,bitonic_sort_step,bitonic_sort_step..,"5,90","0,00","13,99","81,61",26,"262144,    1,    1","  512,    1,    1"
28,0.00,bitonic_sort_step,bitonic_sort_step..,"5,59","0,00","5,84","75,45",26,"262144,    1,    1","  512,    1,    1"
29,0.00,bitonic_sort_step,bitonic_sort_step..,"5,28","0,00","6,69","80,19",26,"262144,    1,    1","  512,    1,    1"
30,0.00,bitonic_sort_step,bitonic_sort_step..,"6,22","0,00","7,15","72,09",26,"262144,    1,    1","  512,    1,    1"
31,0.00,bitonic_sort_step,bitonic_sort_step..,"5,48","0,00","15,09","84,31",26,"262144,    1,    1","  512,    1,    1"
32,0.00,bitonic_sort_step,bitonic_sort_step..,"6,28","0,00","13,33","80,61",26,"262144,    1,    1","  512,    1,    1"
33,0.00,bitonic_sort_step,bitonic_sort_step..,"6,58","0,00","12,89","87,83",26,"262144,    1,    1","  512,    1,    1"
34,0.00,bitonic_sort_step,bitonic_sort_step..,"5,99","0,00","13,86","85,46",26,"262144,    1,    1","  512,    1,    1"
35,0.00,bitonic_sort_step,bitonic_sort_step..,"6,36","0,00","12,67","70,68",26,"262144,    1,    1","  512,    1,    1"
36,0.00,bitonic_sort_step,bitonic_sort_step..,"4,96","0,00","6,22","82,53",26,"262144,    1,    1","  512,    1,    1"
37,0.00,bitonic_sort_step,bitonic_sort_step..,"5,61","0,00","5,87","75,19",26,"262144,    1,    1","  512,    1,    1"
38,0.00,bitonic_sort_step,bitonic_sort_step..,"5,34","0,00","6,75","79,12",26,"262144,    1,    1","  512,    1,    1"
39,0.00,bitonic_sort_step,bitonic_sort_step..,"6,29","0,00","7,00","71,29",26,"262144,    1,    1","  512,    1,    1"
40,0.00,bitonic_sort_step,bitonic_sort_step..,"5,64","0,00","14,53","81,88",26,"262144,    1,    1","  512,    1,    1"
41,0.00,bitonic_sort_step,bitonic_sort_step..,"6,36","0,00","12,87","79,46",26,"262144,    1,    1","  512,    1,    1"
42,0.00,bitonic_sort_step,bitonic_sort_step..,"6,71","0,00","12,23","86,47",26,"262144,    1,    1","  512,    1,    1"
43,0.00,bitonic_sort_step,bitonic_sort_step..,"6,42","0,00","12,54","79,45",26,"262144,    1,    1","  512,    1,    1"
44,0.00,bitonic_sort_step,bitonic_sort_step..,"6,23","0,00","12,09","68,14",26,"262144,    1,    1","  512,    1,    1"
45,0.00,bitonic_sort_step,bitonic_sort_step..,"4,82","0,00","6,22","84,16",26,"262144,    1,    1","  512,    1,    1"
46,0.00,bitonic_sort_step,bitonic_sort_step..,"5,05","0,00","6,17","81,22",26,"262144,    1,    1","  512,    1,    1"
47,0.00,bitonic_sort_step,bitonic_sort_step..,"5,59","0,00","5,83","75,46",26,"262144,    1,    1","  512,    1,    1"
48,0.00,bitonic_sort_step,bitonic_sort_step..,"5,33","0,00","6,73","79,47",26,"262144,    1,    1","  512,    1,    1"
49,0.00,bitonic_sort_step,bitonic_sort_step..,"6,45","0,00","6,71","69,62",26,"262144,    1,    1","  512,    1,    1"
50,0.00,bitonic_sort_step,bitonic_sort_step..,"5,64","0,00","13,95","81,82",26,"262144,    1,    1","  512,    1,    1"
51,0.00,bitonic_sort_step,bitonic_sort_step..,"6,22","0,00","12,89","80,97",26,"262144,    1,    1","  512,    1,    1"
52,0.00,bitonic_sort_step,bitonic_sort_step..,"6,70","0,00","11,83","86,33",26,"262144,    1,    1","  512,    1,    1"
53,0.00,bitonic_sort_step,bitonic_sort_step..,"6,44","0,00","11,82","78,05",26,"262144,    1,    1","  512,    1,    1"
54,0.00,bitonic_sort_step,bitonic_sort_step..,"5,78","0,00","11,73","69,77",26,"262144,    1,    1","  512,    1,    1"
55,0.00,bitonic_sort_step,bitonic_sort_step..,"4,77","0,00","6,27","84,48",26,"262144,    1,    1","  512,    1,    1"
56,0.00,bitonic_sort_step,bitonic_sort_step..,"4,86","0,00","6,22","83,64",26,"262144,    1,    1","  512,    1,    1"
57,0.00,bitonic_sort_step,bitonic_sort_step..,"5,11","0,00","6,09","80,43",26,"262144,    1,    1","  512,    1,    1"
58,0.00,bitonic_sort_step,bitonic_sort_step..,"5,61","0,00","5,80","75,09",26,"262144,    1,    1","  512,    1,    1"
59,0.00,bitonic_sort_step,bitonic_sort_step..,"5,35","0,00","6,80","78,86",26,"262144,    1,    1","  512,    1,    1"
60,0.00,bitonic_sort_step,bitonic_sort_step..,"6,47","0,00","6,64","69,34",26,"262144,    1,    1","  512,    1,    1"
61,0.00,bitonic_sort_step,bitonic_sort_step..,"5,62","0,00","14,19","82,03",26,"262144,    1,    1","  512,    1,    1"
62,0.00,bitonic_sort_step,bitonic_sort_step..,"6,05","0,00","13,02","82,67",26,"262144,    1,    1","  512,    1,    1"
63,0.00,bitonic_sort_step,bitonic_sort_step..,"6,59","0,00","11,74","86,86",26,"262144,    1,    1","  512,    1,    1"
64,0.00,bitonic_sort_step,bitonic_sort_step..,"6,19","0,00","11,64","79,39",26,"262144,    1,    1","  512,    1,    1"
65,0.00,bitonic_sort_step,bitonic_sort_step..,"5,31","0,00","11,42","72,21",26,"262144,    1,    1","  512,    1,    1"
66,0.00,bitonic_sort_step,bitonic_sort_step..,"4,63","0,00","6,33","86,22",26,"262144,    1,    1","  512,    1,    1"
67,0.00,bitonic_sort_step,bitonic_sort_step..,"4,77","0,00","6,27","84,60",26,"262144,    1,    1","  512,    1,    1"
68,0.00,bitonic_sort_step,bitonic_sort_step..,"4,92","0,00","6,17","82,61",26,"262144,    1,    1","  512,    1,    1"
69,0.00,bitonic_sort_step,bitonic_sort_step..,"5,19","0,00","6,00","79,43",26,"262144,    1,    1","  512,    1,    1"
70,0.00,bitonic_sort_step,bitonic_sort_step..,"5,57","0,00","5,87","75,47",26,"262144,    1,    1","  512,    1,    1"
71,0.00,bitonic_sort_step,bitonic_sort_step..,"5,31","0,00","6,77","79,36",26,"262144,    1,    1","  512,    1,    1"
72,0.00,bitonic_sort_step,bitonic_sort_step..,"6,44","0,00","6,61","69,62",26,"262144,    1,    1","  512,    1,    1"
73,0.00,bitonic_sort_step,bitonic_sort_step..,"5,61","0,00","14,23","81,85",26,"262144,    1,    1","  512,    1,    1"
74,0.00,bitonic_sort_step,bitonic_sort_step..,"5,95","0,00","13,18","83,64",26,"262144,    1,    1","  512,    1,    1"
75,0.00,bitonic_sort_step,bitonic_sort_step..,"6,43","0,00","11,85","87,63",26,"262144,    1,    1","  512,    1,    1"
76,0.00,bitonic_sort_step,bitonic_sort_step..,"5,89","0,00","11,74","80,68",26,"262144,    1,    1","  512,    1,    1"
77,0.00,bitonic_sort_step,bitonic_sort_step..,"4,94","0,00","11,46","73,81",26,"262144,    1,    1","  512,    1,    1"
78,0.00,bitonic_sort_step,bitonic_sort_step..,"4,62","0,00","6,39","86,35",26,"262144,    1,    1","  512,    1,    1"
79,0.00,bitonic_sort_step,bitonic_sort_step..,"4,64","0,00","6,38","86,06",26,"262144,    1,    1","  512,    1,    1"
80,0.00,bitonic_sort_step,bitonic_sort_step..,"4,79","0,00","6,23","84,18",26,"262144,    1,    1","  512,    1,    1"
81,0.00,bitonic_sort_step,bitonic_sort_step..,"4,95","0,00","6,14","82,16",26,"262144,    1,    1","  512,    1,    1"
82,0.00,bitonic_sort_step,bitonic_sort_step..,"5,20","0,00","5,97","79,25",26,"262144,    1,    1","  512,    1,    1"
83,0.00,bitonic_sort_step,bitonic_sort_step..,"5,62","0,00","5,86","74,67",26,"262144,    1,    1","  512,    1,    1"
84,0.00,bitonic_sort_step,bitonic_sort_step..,"5,38","0,00","6,77","78,30",26,"262144,    1,    1","  512,    1,    1"
85,0.00,bitonic_sort_step,bitonic_sort_step..,"6,41","0,00","6,66","69,81",26,"262144,    1,    1","  512,    1,    1"
86,0.00,bitonic_sort_step,bitonic_sort_step..,"5,55","0,00","14,33","82,40",26,"262144,    1,    1","  512,    1,    1"
87,0.00,bitonic_sort_step,bitonic_sort_step..,"5,92","0,00","13,24","83,75",26,"262144,    1,    1","  512,    1,    1"
88,0.00,bitonic_sort_step,bitonic_sort_step..,"6,34","0,00","11,85","87,65",26,"262144,    1,    1","  512,    1,    1"
89,0.00,bitonic_sort_step,bitonic_sort_step..,"5,71","0,00","12,02","80,35",26,"262144,    1,    1","  512,    1,    1"
90,0.00,bitonic_sort_step,bitonic_sort_step..,"4,65","0,00","11,63","74,26",26,"262144,    1,    1","  512,    1,    1"
91,0.00,bitonic_sort_step,bitonic_sort_step..,"4,54","0,00","6,43","87,93",26,"262144,    1,    1","  512,    1,    1"
92,0.00,bitonic_sort_step,bitonic_sort_step..,"4,61","0,00","6,38","86,80",26,"262144,    1,    1","  512,    1,    1"
93,0.00,bitonic_sort_step,bitonic_sort_step..,"4,66","0,00","6,39","85,87",26,"262144,    1,    1","  512,    1,    1"
94,0.00,bitonic_sort_step,bitonic_sort_step..,"4,76","0,00","6,26","84,62",26,"262144,    1,    1","  512,    1,    1"
95,0.00,bitonic_sort_step,bitonic_sort_step..,"4,96","0,00","6,08","82,09",26,"262144,    1,    1","  512,    1,    1"
96,0.00,bitonic_sort_step,bitonic_sort_step..,"5,20","0,00","5,99","79,24",26,"262144,    1,    1","  512,    1,    1"
97,0.00,bitonic_sort_step,bitonic_sort_step..,"5,58","0,00","5,84","75,32",26,"262144,    1,    1","  512,    1,    1"
98,0.00,bitonic_sort_step,bitonic_sort_step..,"5,35","0,00","6,75","78,57",26,"262144,    1,    1","  512,    1,    1"
99,0.00,bitonic_sort_step,bitonic_sort_step..,"6,45","0,00","6,69","69,27",26,"262144,    1,    1","  512,    1,    1"
100,0.00,bitonic_sort_step,bitonic_sort_step..,"5,48","0,00","14,17","83,24",26,"262144,    1,    1","  512,    1,    1"
101,0.00,bitonic_sort_step,bitonic_sort_step..,"5,95","0,00","13,19","83,08",26,"262144,    1,    1","  512,    1,    1"
102,0.00,bitonic_sort_step,bitonic_sort_step..,"6,30","0,00","11,95","86,63",26,"262144,    1,    1","  512,    1,    1"
103,0.00,bitonic_sort_step,bitonic_sort_step..,"5,60","0,00","12,18","78,47",26,"262144,    1,    1","  512,    1,    1"
104,0.00,bitonic_sort_step,bitonic_sort_step..,"4,45","0,00","11,86","73,27",26,"262144,    1,    1","  512,    1,    1"
105,0.00,bitonic_sort_step,bitonic_sort_step..,"4,55","0,00","6,42","87,49",26,"262144,    1,    1","  512,    1,    1"
106,0.00,bitonic_sort_step,bitonic_sort_step..,"4,59","0,00","6,44","86,83",26,"262144,    1,    1","  512,    1,    1"
107,0.00,bitonic_sort_step,bitonic_sort_step..,"4,60","0,00","6,42","86,99",26,"262144,    1,    1","  512,    1,    1"
108,0.00,bitonic_sort_step,bitonic_sort_step..,"4,61","0,00","6,35","86,59",26,"262144,    1,    1","  512,    1,    1"
109,0.00,bitonic_sort_step,bitonic_sort_step..,"4,73","0,00","6,27","85,08",26,"262144,    1,    1","  512,    1,    1"
110,0.00,bitonic_sort_step,bitonic_sort_step..,"4,98","0,00","6,09","81,75",26,"262144,    1,    1","  512,    1,    1"
111,0.00,bitonic_sort_step,bitonic_sort_step..,"5,18","0,00","5,97","79,32",26,"262144,    1,    1","  512,    1,    1"
112,0.00,bitonic_sort_step,bitonic_sort_step..,"5,55","0,00","5,89","75,53",26,"262144,    1,    1","  512,    1,    1"
113,0.00,bitonic_sort_step,bitonic_sort_step..,"5,35","0,00","6,76","78,75",26,"262144,    1,    1","  512,    1,    1"
114,0.00,bitonic_sort_step,bitonic_sort_step..,"6,36","0,00","6,68","70,15",26,"262144,    1,    1","  512,    1,    1"
115,0.00,bitonic_sort_step,bitonic_sort_step..,"5,54","0,00","14,14","82,20",26,"262144,    1,    1","  512,    1,    1"
116,0.00,bitonic_sort_step,bitonic_sort_step..,"5,96","0,00","13,15","82,46",26,"262144,    1,    1","  512,    1,    1"
117,0.00,bitonic_sort_step,bitonic_sort_step..,"6,23","0,00","12,01","85,35",26,"262144,    1,    1","  512,    1,    1"
118,0.00,bitonic_sort_step,bitonic_sort_step..,"5,56","0,00","12,14","75,41",26,"262144,    1,    1","  512,    1,    1"
119,0.00,bitonic_sort_step,bitonic_sort_step..,"4,20","0,00","11,98","73,19",26,"262144,    1,    1","  512,    1,    1"
120,0.00,bitonic_sort_step,bitonic_sort_step..,"4,54","0,00","6,44","87,44",26,"262144,    1,    1","  512,    1,    1"
121,0.00,bitonic_sort_step,bitonic_sort_step..,"4,56","0,00","6,41","87,43",26,"262144,    1,    1","  512,    1,    1"
122,0.00,bitonic_sort_step,bitonic_sort_step..,"4,57","0,00","6,42","87,38",26,"262144,    1,    1","  512,    1,    1"
123,0.00,bitonic_sort_step,bitonic_sort_step..,"4,58","0,00","6,40","87,00",26,"262144,    1,    1","  512,    1,    1"
124,0.00,bitonic_sort_step,bitonic_sort_step..,"4,64","0,00","6,40","85,91",26,"262144,    1,    1","  512,    1,    1"
125,0.00,bitonic_sort_step,bitonic_sort_step..,"4,77","0,00","6,26","85,00",26,"262144,    1,    1","  512,    1,    1"
126,0.00,bitonic_sort_step,bitonic_sort_step..,"4,93","0,00","6,14","82,52",26,"262144,    1,    1","  512,    1,    1"
127,0.00,bitonic_sort_step,bitonic_sort_step..,"5,19","0,00","5,96","78,95",26,"262144,    1,    1","  512,    1,    1"
128,0.00,bitonic_sort_step,bitonic_sort_step..,"5,53","0,00","5,89","75,50",26,"262144,    1,    1","  512,    1,    1"
129,0.00,bitonic_sort_step,bitonic_sort_step..,"5,28","0,00","6,76","79,65",26,"262144,    1,    1","  512,    1,    1"
130,0.00,bitonic_sort_step,bitonic_sort_step..,"6,34","0,00","6,73","70,08",26,"262144,    1,    1","  512,    1,    1"
131,0.00,bitonic_sort_step,bitonic_sort_step..,"5,50","0,00","14,25","82,64",26,"262144,    1,    1","  512,    1,    1"
132,0.00,bitonic_sort_step,bitonic_sort_step..,"5,99","0,00","13,03","81,38",26,"262144,    1,    1","  512,    1,    1"
133,0.00,bitonic_sort_step,bitonic_sort_step..,"6,16","0,00","11,96","83,30",26,"262144,    1,    1","  512,    1,    1"
134,0.00,bitonic_sort_step,bitonic_sort_step..,"5,45","0,00","12,25","72,49",26,"262144,    1,    1","  512,    1,    1"
135,0.00,bitonic_sort_step,bitonic_sort_step..,"4,09","0,00","12,23","71,68",26,"262144,    1,    1","  512,    1,    1"
136,0.00,bitonic_sort_step,bitonic_sort_step..,"4,54","0,00","6,46","87,61",26,"262144,    1,    1","  512,    1,    1"
137,0.00,bitonic_sort_step,bitonic_sort_step..,"4,51","0,00","6,39","88,12",26,"262144,    1,    1","  512,    1,    1"
138,0.00,bitonic_sort_step,bitonic_sort_step..,"4,56","0,00","6,41","87,22",26,"262144,    1,    1","  512,    1,    1"
139,0.00,bitonic_sort_step,bitonic_sort_step..,"4,55","0,00","6,42","86,94",26,"262144,    1,    1","  512,    1,    1"
140,0.00,bitonic_sort_step,bitonic_sort_step..,"4,59","0,00","6,40","86,63",26,"262144,    1,    1","  512,    1,    1"
141,0.00,bitonic_sort_step,bitonic_sort_step..,"4,64","0,00","6,35","86,08",26,"262144,    1,    1","  512,    1,    1"
142,0.00,bitonic_sort_step,bitonic_sort_step..,"4,76","0,00","6,24","85,21",26,"262144,    1,    1","  512,    1,    1"
143,0.00,bitonic_sort_step,bitonic_sort_step..,"4,91","0,00","6,14","82,82",26,"262144,    1,    1","  512,    1,    1"
144,0.00,bitonic_sort_step,bitonic_sort_step..,"5,16","0,00","6,01","79,47",26,"262144,    1,    1","  512,    1,    1"
145,0.00,bitonic_sort_step,bitonic_sort_step..,"5,53","0,00","5,88","75,38",26,"262144,    1,    1","  512,    1,    1"
146,0.00,bitonic_sort_step,bitonic_sort_step..,"5,30","0,00","6,79","78,87",26,"262144,    1,    1","  512,    1,    1"
147,0.00,bitonic_sort_step,bitonic_sort_step..,"6,28","0,00","6,75","70,53",26,"262144,    1,    1","  512,    1,    1"
148,0.00,bitonic_sort_step,bitonic_sort_step..,"5,46","0,00","14,17","83,20",26,"262144,    1,    1","  512,    1,    1"
149,0.00,bitonic_sort_step,bitonic_sort_step..,"5,98","0,00","12,90","80,03",26,"262144,    1,    1","  512,    1,    1"
150,0.00,bitonic_sort_step,bitonic_sort_step..,"6,11","0,00","11,94","80,82",26,"262144,    1,    1","  512,    1,    1"
151,0.00,bitonic_sort_step,bitonic_sort_step..,"5,44","0,00","12,22","69,61",26,"262144,    1,    1","  512,    1,    1"
152,0.00,bitonic_sort_step,bitonic_sort_step..,"3,98","0,00","12,34","70,46",26,"262144,    1,    1","  512,    1,    1"
153,0.00,bitonic_sort_step,bitonic_sort_step..,"4,63","0,00","6,42","86,17",26,"262144,    1,    1","  512,    1,    1"
154,0.00,bitonic_sort_step,bitonic_sort_step..,"4,53","0,00","6,43","88,11",26,"262144,    1,    1","  512,    1,    1"
155,0.00,bitonic_sort_step,bitonic_sort_step..,"4,60","0,00","6,44","86,86",26,"262144,    1,    1","  512,    1,    1"
156,0.00,bitonic_sort_step,bitonic_sort_step..,"4,57","0,00","6,40","87,31",26,"262144,    1,    1","  512,    1,    1"
157,0.00,bitonic_sort_step,bitonic_sort_step..,"4,53","0,00","6,41","87,40",26,"262144,    1,    1","  512,    1,    1"
158,0.00,bitonic_sort_step,bitonic_sort_step..,"4,60","0,00","6,39","86,50",26,"262144,    1,    1","  512,    1,    1"
159,0.00,bitonic_sort_step,bitonic_sort_step..,"4,64","0,00","6,36","86,48",26,"262144,    1,    1","  512,    1,    1"
160,0.00,bitonic_sort_step,bitonic_sort_step..,"4,75","0,00","6,24","84,71",26,"262144,    1,    1","  512,    1,    1"
161,0.00,bitonic_sort_step,bitonic_sort_step..,"4,90","0,00","6,13","82,74",26,"262144,    1,    1","  512,    1,    1"
162,0.00,bitonic_sort_step,bitonic_sort_step..,"5,19","0,00","5,98","79,39",26,"262144,    1,    1","  512,    1,    1"
163,0.00,bitonic_sort_step,bitonic_sort_step..,"5,55","0,00","5,93","76,02",26,"262144,    1,    1","  512,    1,    1"
164,0.00,bitonic_sort_step,bitonic_sort_step..,"5,37","0,00","6,75","78,87",26,"262144,    1,    1","  512,    1,    1"
165,0.00,bitonic_sort_step,bitonic_sort_step..,"6,29","0,00","6,79","70,70",26,"262144,    1,    1","  512,    1,    1"
166,0.00,bitonic_sort_step,bitonic_sort_step..,"5,56","0,00","14,14","82,13",26,"262144,    1,    1","  512,    1,    1"
167,0.00,bitonic_sort_step,bitonic_sort_step..,"6,03","0,00","12,79","79,01",26,"262144,    1,    1","  512,    1,    1"
168,0.00,bitonic_sort_step,bitonic_sort_step..,"6,04","0,00","11,97","78,48",26,"262144,    1,    1","  512,    1,    1"
169,0.00,bitonic_sort_step,bitonic_sort_step..,"5,37","0,00","12,21","67,10",26,"262144,    1,    1","  512,    1,    1"
170,0.00,bitonic_sort_step,bitonic_sort_step..,"3,96","0,00","12,42","68,48",26,"262144,    1,    1","  512,    1,    1"
171,0.00,bitonic_sort_step,bitonic_sort_step..,"4,68","0,00","6,28","84,97",26,"262144,    1,    1","  512,    1,    1"
172,0.00,bitonic_sort_step,bitonic_sort_step..,"4,57","0,00","6,31","86,26",26,"262144,    1,    1","  512,    1,    1"
173,0.00,bitonic_sort_step,bitonic_sort_step..,"4,51","0,00","6,45","86,58",26,"262144,    1,    1","  512,    1,    1"
174,0.00,bitonic_sort_step,bitonic_sort_step..,"4,59","0,00","6,38","87,21",26,"262144,    1,    1","  512,    1,    1"
175,0.00,bitonic_sort_step,bitonic_sort_step..,"4,53","0,00","6,42","86,76",26,"262144,    1,    1","  512,    1,    1"
176,0.00,bitonic_sort_step,bitonic_sort_step..,"4,66","0,00","6,39","86,16",26,"262144,    1,    1","  512,    1,    1"
177,0.00,bitonic_sort_step,bitonic_sort_step..,"4,54","0,00","6,39","86,86",26,"262144,    1,    1","  512,    1,    1"
178,0.00,bitonic_sort_step,bitonic_sort_step..,"4,65","0,00","6,36","86,04",26,"262144,    1,    1","  512,    1,    1"
179,0.00,bitonic_sort_step,bitonic_sort_step..,"4,76","0,00","6,26","85,49",26,"262144,    1,    1","  512,    1,    1"
180,0.00,bitonic_sort_step,bitonic_sort_step..,"4,89","0,00","6,13","82,59",26,"262144,    1,    1","  512,    1,    1"
181,0.00,bitonic_sort_step,bitonic_sort_step..,"5,12","0,00","6,00","79,63",26,"262144,    1,    1","  512,    1,    1"
182,0.00,bitonic_sort_step,bitonic_sort_step..,"5,48","0,00","5,90","75,69",26,"262144,    1,    1","  512,    1,    1"
183,0.00,bitonic_sort_step,bitonic_sort_step..,"5,27","0,00","6,87","78,35",26,"262144,    1,    1","  512,    1,    1"
184,0.00,bitonic_sort_step,bitonic_sort_step..,"6,25","0,00","6,80","70,32",26,"262144,    1,    1","  512,    1,    1"
185,0.00,bitonic_sort_step,bitonic_sort_step..,"5,47","0,00","14,31","82,44",26,"262144,    1,    1","  512,    1,    1"
186,0.00,bitonic_sort_step,bitonic_sort_step..,"6,03","0,00","12,56","76,68",26,"262144,    1,    1","  512,    1,    1"
187,0.00,bitonic_sort_step,bitonic_sort_step..,"6,07","0,00","11,84","74,90",26,"262144,    1,    1","  512,    1,    1"
188,0.00,bitonic_sort_step,bitonic_sort_step..,"5,36","0,00","12,00","63,78",26,"262144,    1,    1","  512,    1,    1"
189,0.00,bitonic_sort_step,bitonic_sort_step..,"3,79","0,00","12,51","67,39",26,"262144,    1,    1","  512,    1,    1"
190,0.00,bitonic_sort_step,bitonic_sort_step..,"4,69","0,00","6,31","85,04",26,"262144,    1,    1","  512,    1,    1"
191,0.00,bitonic_sort_step,bitonic_sort_step..,"4,67","0,00","6,30","84,81",26,"262144,    1,    1","  512,    1,    1"
192,0.00,bitonic_sort_step,bitonic_sort_step..,"4,57","0,00","6,38","86,12",26,"262144,    1,    1","  512,    1,    1"
193,0.00,bitonic_sort_step,bitonic_sort_step..,"4,61","0,00","6,38","87,23",26,"262144,    1,    1","  512,    1,    1"
194,0.00,bitonic_sort_step,bitonic_sort_step..,"4,52","0,00","6,42","86,47",26,"262144,    1,    1","  512,    1,    1"
195,0.00,bitonic_sort_step,bitonic_sort_step..,"4,66","0,00","6,36","86,48",26,"262144,    1,    1","  512,    1,    1"
196,0.00,bitonic_sort_step,bitonic_sort_step..,"4,60","0,00","6,42","86,80",26,"262144,    1,    1","  512,    1,    1"
197,0.00,bitonic_sort_step,bitonic_sort_step..,"4,65","0,00","6,37","86,41",26,"262144,    1,    1","  512,    1,    1"
198,0.00,bitonic_sort_step,bitonic_sort_step..,"4,62","0,00","6,38","86,05",26,"262144,    1,    1","  512,    1,    1"
199,0.00,bitonic_sort_step,bitonic_sort_step..,"4,72","0,00","6,21","84,39",26,"262144,    1,    1","  512,    1,    1"
200,0.00,bitonic_sort_step,bitonic_sort_step..,"4,91","0,00","6,12","82,87",26,"262144,    1,    1","  512,    1,    1"
201,0.00,bitonic_sort_step,bitonic_sort_step..,"5,17","0,00","6,00","79,70",26,"262144,    1,    1","  512,    1,    1"
202,0.00,bitonic_sort_step,bitonic_sort_step..,"5,55","0,00","5,90","75,61",26,"262144,    1,    1","  512,    1,    1"
203,0.00,bitonic_sort_step,bitonic_sort_step..,"5,28","0,00","6,71","79,65",26,"262144,    1,    1","  512,    1,    1"
204,0.00,bitonic_sort_step,bitonic_sort_step..,"6,27","0,00","6,84","70,53",26,"262144,    1,    1","  512,    1,    1"
205,0.00,bitonic_sort_step,bitonic_sort_step..,"5,51","0,00","14,14","81,40",26,"262144,    1,    1","  512,    1,    1"
206,0.00,bitonic_sort_step,bitonic_sort_step..,"6,02","0,00","12,36","74,85",26,"262144,    1,    1","  512,    1,    1"
207,0.00,bitonic_sort_step,bitonic_sort_step..,"5,86","0,00","12,16","73,95",26,"262144,    1,    1","  512,    1,    1"
208,0.00,bitonic_sort_step,bitonic_sort_step..,"5,20","0,00","12,22","61,75",26,"262144,    1,    1","  512,    1,    1"
209,0.00,bitonic_sort_step,bitonic_sort_step..,"4,02","0,00","12,31","63,51",26,"262144,    1,    1","  512,    1,    1"
210,0.00,bitonic_sort_step,bitonic_sort_step..,"4,68","0,00","6,36","85,89",26,"262144,    1,    1","  512,    1,    1"
211,0.00,bitonic_sort_step,bitonic_sort_step..,"4,72","0,00","6,33","85,30",26,"262144,    1,    1","  512,    1,    1"
212,0.00,bitonic_sort_step,bitonic_sort_step..,"4,71","0,00","6,25","84,56",26,"262144,    1,    1","  512,    1,    1"
213,0.00,bitonic_sort_step,bitonic_sort_step..,"4,72","0,00","6,31","86,10",26,"262144,    1,    1","  512,    1,    1"
214,0.00,bitonic_sort_step,bitonic_sort_step..,"4,60","0,00","6,39","87,08",26,"262144,    1,    1","  512,    1,    1"
215,0.00,bitonic_sort_step,bitonic_sort_step..,"4,64","0,00","6,35","86,54",26,"262144,    1,    1","  512,    1,    1"
216,0.00,bitonic_sort_step,bitonic_sort_step..,"4,57","0,00","6,36","86,92",26,"262144,    1,    1","  512,    1,    1"
217,0.00,bitonic_sort_step,bitonic_sort_step..,"4,47","0,00","6,46","85,92",26,"262144,    1,    1","  512,    1,    1"
218,0.00,bitonic_sort_step,bitonic_sort_step..,"4,55","0,00","6,40","86,93",26,"262144,    1,    1","  512,    1,    1"
219,0.00,bitonic_sort_step,bitonic_sort_step..,"4,67","0,00","6,32","85,71",26,"262144,    1,    1","  512,    1,    1"
220,0.00,bitonic_sort_step,bitonic_sort_step..,"4,93","0,00","6,18","84,53",26,"262144,    1,    1","  512,    1,    1"
221,0.00,bitonic_sort_step,bitonic_sort_step..,"4,90","0,00","6,13","82,53",26,"262144,    1,    1","  512,    1,    1"
222,0.00,bitonic_sort_step,bitonic_sort_step..,"5,26","0,00","6,01","79,78",26,"262144,    1,    1","  512,    1,    1"
223,0.00,bitonic_sort_step,bitonic_sort_step..,"5,49","0,00","5,90","76,39",26,"262144,    1,    1","  512,    1,    1"
224,0.00,bitonic_sort_step,bitonic_sort_step..,"5,32","0,00","6,74","78,32",26,"262144,    1,    1","  512,    1,    1"
225,0.00,bitonic_sort_step,bitonic_sort_step..,"6,25","0,00","6,83","70,57",26,"262144,    1,    1","  512,    1,    1"
226,0.00,bitonic_sort_step,bitonic_sort_step..,"5,51","0,00","14,19","80,98",26,"262144,    1,    1","  512,    1,    1"
227,0.00,bitonic_sort_step,bitonic_sort_step..,"6,02","0,00","12,29","72,10",26,"262144,    1,    1","  512,    1,    1"
228,0.00,bitonic_sort_step,bitonic_sort_step..,"5,77","0,00","12,22","71,41",26,"262144,    1,    1","  512,    1,    1"
229,0.00,bitonic_sort_step,bitonic_sort_step..,"4,98","0,00","12,37","60,57",26,"262144,    1,    1","  512,    1,    1"
230,0.00,bitonic_sort_step,bitonic_sort_step..,"3,60","0,00","12,74","63,90",26,"262144,    1,    1","  512,    1,    1"
231,0.00,bitonic_sort_step,bitonic_sort_step..,"4,72","0,00","6,42","87,42",26,"262144,    1,    1","  512,    1,    1"
232,0.00,bitonic_sort_step,bitonic_sort_step..,"4,67","0,00","6,33","86,12",26,"262144,    1,    1","  512,    1,    1"
233,0.00,bitonic_sort_step,bitonic_sort_step..,"4,69","0,00","6,30","85,80",26,"262144,    1,    1","  512,    1,    1"
234,0.00,bitonic_sort_step,bitonic_sort_step..,"4,54","0,00","6,32","86,04",26,"262144,    1,    1","  512,    1,    1"
235,0.00,bitonic_sort_step,bitonic_sort_step..,"4,50","0,00","6,41","86,53",26,"262144,    1,    1","  512,    1,    1"
236,0.00,bitonic_sort_step,bitonic_sort_step..,"4,53","0,00","6,42","86,65",26,"262144,    1,    1","  512,    1,    1"
237,0.00,bitonic_sort_step,bitonic_sort_step..,"4,48","0,00","6,39","86,56",26,"262144,    1,    1","  512,    1,    1"
238,0.00,bitonic_sort_step,bitonic_sort_step..,"4,67","0,00","6,38","86,15",26,"262144,    1,    1","  512,    1,    1"
239,0.00,bitonic_sort_step,bitonic_sort_step..,"4,54","0,00","6,38","86,99",26,"262144,    1,    1","  512,    1,    1"
240,0.00,bitonic_sort_step,bitonic_sort_step..,"4,54","0,00","6,36","86,28",26,"262144,    1,    1","  512,    1,    1"
241,0.00,bitonic_sort_step,bitonic_sort_step..,"4,66","0,00","6,30","86,14",26,"262144,    1,    1","  512,    1,    1"
242,0.00,bitonic_sort_step,bitonic_sort_step..,"4,69","0,00","6,27","84,38",26,"262144,    1,    1","  512,    1,    1"
243,0.00,bitonic_sort_step,bitonic_sort_step..,"4,82","0,00","6,15","82,39",26,"262144,    1,    1","  512,    1,    1"
244,0.00,bitonic_sort_step,bitonic_sort_step..,"5,28","0,00","5,97","80,11",26,"262144,    1,    1","  512,    1,    1"
245,0.00,bitonic_sort_step,bitonic_sort_step..,"5,43","0,00","5,99","75,60",26,"262144,    1,    1","  512,    1,    1"
246,0.00,bitonic_sort_step,bitonic_sort_step..,"5,30","0,00","6,81","78,93",26,"262144,    1,    1","  512,    1,    1"
247,0.00,bitonic_sort_step,bitonic_sort_step..,"6,14","0,00","6,94","70,12",26,"262144,    1,    1","  512,    1,    1"
248,0.00,bitonic_sort_step,bitonic_sort_step..,"5,36","0,00","14,07","81,48",26,"262144,    1,    1","  512,    1,    1"
249,0.00,bitonic_sort_step,bitonic_sort_step..,"5,97","0,00","12,19","70,70",26,"262144,    1,    1","  512,    1,    1"
250,0.00,bitonic_sort_step,bitonic_sort_step..,"5,54","0,00","12,33","69,36",26,"262144,    1,    1","  512,    1,    1"
251,0.00,bitonic_sort_step,bitonic_sort_step..,"4,85","0,00","12,53","58,85",26,"262144,    1,    1","  512,    1,    1"
252,0.00,bitonic_sort_step,bitonic_sort_step..,"3,48","0,00","13,14","63,63",26,"262144,    1,    1","  512,    1,    1"
253,0.00,bitonic_sort_step,bitonic_sort_step..,"4,58","0,00","6,40","87,42",26,"262144,    1,    1","  512,    1,    1"
254,0.00,bitonic_sort_step,bitonic_sort_step..,"4,55","0,00","6,46","87,65",26,"262144,    1,    1","  512,    1,    1"
255,0.00,bitonic_sort_step,bitonic_sort_step..,"4,54","0,00","6,38","86,49",26,"262144,    1,    1","  512,    1,    1"
256,0.00,bitonic_sort_step,bitonic_sort_step..,"4,59","0,00","6,32","85,77",26,"262144,    1,    1","  512,    1,    1"
257,0.00,bitonic_sort_step,bitonic_sort_step..,"4,44","0,00","6,41","86,14",26,"262144,    1,    1","  512,    1,    1"
258,0.00,bitonic_sort_step,bitonic_sort_step..,"4,73","0,00","6,31","86,30",26,"262144,    1,    1","  512,    1,    1"
259,0.00,bitonic_sort_step,bitonic_sort_step..,"4,48","0,00","6,44","86,94",26,"262144,    1,    1","  512,    1,    1"
260,0.00,bitonic_sort_step,bitonic_sort_step..,"4,62","0,00","6,39","86,84",26,"262144,    1,    1","  512,    1,    1"
261,0.00,bitonic_sort_step,bitonic_sort_step..,"4,61","0,00","6,38","86,57",26,"262144,    1,    1","  512,    1,    1"
262,0.00,bitonic_sort_step,bitonic_sort_step..,"4,53","0,00","6,42","86,74",26,"262144,    1,    1","  512,    1,    1"
263,0.00,bitonic_sort_step,bitonic_sort_step..,"4,72","0,00","6,37","86,84",26,"262144,    1,    1","  512,    1,    1"
264,0.00,bitonic_sort_step,bitonic_sort_step..,"4,87","0,00","6,31","86,36",26,"262144,    1,    1","  512,    1,    1"
265,0.00,bitonic_sort_step,bitonic_sort_step..,"4,74","0,00","6,27","85,13",26,"262144,    1,    1","  512,    1,    1"
266,0.00,bitonic_sort_step,bitonic_sort_step..,"5,05","0,00","6,14","83,43",26,"262144,    1,    1","  512,    1,    1"
267,0.00,bitonic_sort_step,bitonic_sort_step..,"5,08","0,00","6,05","79,41",26,"262144,    1,    1","  512,    1,    1"
268,0.00,bitonic_sort_step,bitonic_sort_step..,"5,47","0,00","5,95","75,72",26,"262144,    1,    1","  512,    1,    1"
269,0.00,bitonic_sort_step,bitonic_sort_step..,"5,32","0,00","6,81","78,91",26,"262144,    1,    1","  512,    1,    1"
270,0.00,bitonic_sort_step,bitonic_sort_step..,"6,30","0,00","6,83","70,00",26,"262144,    1,    1","  512,    1,    1"
271,0.00,bitonic_sort_step,bitonic_sort_step..,"5,60","0,00","13,87","78,81",26,"262144,    1,    1","  512,    1,    1"
272,0.00,bitonic_sort_step,bitonic_sort_step..,"5,92","0,00","12,15","68,49",26,"262144,    1,    1","  512,    1,    1"
273,0.00,bitonic_sort_step,bitonic_sort_step..,"5,38","0,00","12,44","66,23",26,"262144,    1,    1","  512,    1,    1"
274,0.00,bitonic_sort_step,bitonic_sort_step..,"4,75","0,00","12,99","56,12",26,"262144,    1,    1","  512,    1,    1"
275,0.00,bitonic_sort_step,bitonic_sort_step..,"3,35","0,00","13,59","61,79",26,"262144,    1,    1","  512,    1,    1"
276,0.00,bitonic_sort_step,bitonic_sort_step..,"4,61","0,00","6,34","86,02",26,"262144,    1,    1","  512,    1,    1"
277,0.00,bitonic_sort_step,bitonic_sort_step..,"4,51","0,00","6,43","87,53",26,"262144,    1,    1","  512,    1,    1"
278,0.00,bitonic_sort_step,bitonic_sort_step..,"4,39","0,00","6,48","87,47",26,"262144,    1,    1","  512,    1,    1"
279,0.00,bitonic_sort_step,bitonic_sort_step..,"4,35","0,00","6,41","86,75",26,"262144,    1,    1","  512,    1,    1"
280,0.00,bitonic_sort_step,bitonic_sort_step..,"4,83","0,00","6,28","85,56",26,"262144,    1,    1","  512,    1,    1"
281,0.00,bitonic_sort_step,bitonic_sort_step..,"4,39","0,00","6,43","86,31",26,"262144,    1,    1","  512,    1,    1"
282,0.00,bitonic_sort_step,bitonic_sort_step..,"4,40","0,00","6,45","86,47",26,"262144,    1,    1","  512,    1,    1"
283,0.00,bitonic_sort_step,bitonic_sort_step..,"4,35","0,00","6,47","87,51",26,"262144,    1,    1","  512,    1,    1"
284,0.00,bitonic_sort_step,bitonic_sort_step..,"4,66","0,00","6,39","86,89",26,"262144,    1,    1","  512,    1,    1"
285,0.00,bitonic_sort_step,bitonic_sort_step..,"4,54","0,00","6,42","86,42",26,"262144,    1,    1","  512,    1,    1"
286,0.00,bitonic_sort_step,bitonic_sort_step..,"4,59","0,00","6,40","87,64",26,"262144,    1,    1","  512,    1,    1"
287,0.00,bitonic_sort_step,bitonic_sort_step..,"4,44","0,00","6,41","86,84",26,"262144,    1,    1","  512,    1,    1"
288,0.00,bitonic_sort_step,bitonic_sort_step..,"4,77","0,00","6,30","86,13",26,"262144,    1,    1","  512,    1,    1"
289,0.00,bitonic_sort_step,bitonic_sort_step..,"4,63","0,00","6,28","85,20",26,"262144,    1,    1","  512,    1,    1"
290,0.00,bitonic_sort_step,bitonic_sort_step..,"4,88","0,00","6,14","82,54",26,"262144,    1,    1","  512,    1,    1"
291,0.00,bitonic_sort_step,bitonic_sort_step..,"5,04","0,00","6,03","79,68",26,"262144,    1,    1","  512,    1,    1"
292,0.00,bitonic_sort_step,bitonic_sort_step..,"5,55","0,00","5,93","75,36",26,"262144,    1,    1","  512,    1,    1"
293,0.00,bitonic_sort_step,bitonic_sort_step..,"5,28","0,00","6,86","78,72",26,"262144,    1,    1","  512,    1,    1"
294,0.00,bitonic_sort_step,bitonic_sort_step..,"6,02","0,00","6,99","70,47",26,"262144,    1,    1","  512,    1,    1"
295,0.00,bitonic_sort_step,bitonic_sort_step..,"5,38","0,00","13,90","77,51",26,"262144,    1,    1","  512,    1,    1"
296,0.00,bitonic_sort_step,bitonic_sort_step..,"5,70","0,00","12,38","68,69",26,"262144,    1,    1","  512,    1,    1"
297,0.00,bitonic_sort_step,bitonic_sort_step..,"5,15","0,00","12,69","64,91",26,"262144,    1,    1","  512,    1,    1"
298,0.00,bitonic_sort_step,bitonic_sort_step..,"4,62","0,00","13,28","55,17",26,"262144,    1,    1","  512,    1,    1"
299,0.00,bitonic_sort_step,bitonic_sort_step..,"3,48","0,00","13,84","59,27",26,"262144,    1,    1","  512,    1,    1"
300,0.00,bitonic_sort_step,bitonic_sort_step..,"3,78","0,00","6,59","86,18",26,"262144,    1,    1","  512,    1,    1"
301,0.00,bitonic_sort_step,bitonic_sort_step..,"4,59","0,00","6,34","86,21",26,"262144,    1,    1","  512,    1,    1"
302,0.00,bitonic_sort_step,bitonic_sort_step..,"4,55","0,00","6,44","87,44",26,"262144,    1,    1","  512,    1,    1"
303,0.00,bitonic_sort_step,bitonic_sort_step..,"4,42","0,00","6,44","87,57",26,"262144,    1,    1","  512,    1,    1"
304,0.00,bitonic_sort_step,bitonic_sort_step..,"4,50","0,00","6,39","86,35",26,"262144,    1,    1","  512,    1,    1"
305,0.00,bitonic_sort_step,bitonic_sort_step..,"4,80","0,00","6,27","86,00",26,"262144,    1,    1","  512,    1,    1"
306,0.00,bitonic_sort_step,bitonic_sort_step..,"4,60","0,00","6,33","86,50",26,"262144,    1,    1","  512,    1,    1"
307,0.00,bitonic_sort_step,bitonic_sort_step..,"4,74","0,00","6,31","86,52",26,"262144,    1,    1","  512,    1,    1"
308,0.00,bitonic_sort_step,bitonic_sort_step..,"4,54","0,00","6,41","86,73",26,"262144,    1,    1","  512,    1,    1"
309,0.00,bitonic_sort_step,bitonic_sort_step..,"4,76","0,00","6,33","86,58",26,"262144,    1,    1","  512,    1,    1"
310,0.00,bitonic_sort_step,bitonic_sort_step..,"4,61","0,00","6,37","86,45",26,"262144,    1,    1","  512,    1,    1"
311,0.00,bitonic_sort_step,bitonic_sort_step..,"4,66","0,00","6,39","87,18",26,"262144,    1,    1","  512,    1,    1"
312,0.00,bitonic_sort_step,bitonic_sort_step..,"4,62","0,00","6,43","87,22",26,"262144,    1,    1","  512,    1,    1"
313,0.00,bitonic_sort_step,bitonic_sort_step..,"4,64","0,00","6,33","86,08",26,"262144,    1,    1","  512,    1,    1"
314,0.00,bitonic_sort_step,bitonic_sort_step..,"4,82","0,00","6,25","84,98",26,"262144,    1,    1","  512,    1,    1"
315,0.00,bitonic_sort_step,bitonic_sort_step..,"4,88","0,00","6,15","82,97",26,"262144,    1,    1","  512,    1,    1"
316,0.00,bitonic_sort_step,bitonic_sort_step..,"5,07","0,00","6,06","80,09",26,"262144,    1,    1","  512,    1,    1"
317,0.00,bitonic_sort_step,bitonic_sort_step..,"5,47","0,00","5,93","75,85",26,"262144,    1,    1","  512,    1,    1"
318,0.00,bitonic_sort_step,bitonic_sort_step..,"5,33","0,00","6,70","79,62",26,"262144,    1,    1","  512,    1,    1"
319,0.00,bitonic_sort_step,bitonic_sort_step..,"6,04","0,00","6,98","70,17",26,"262144,    1,    1","  512,    1,    1"
320,0.00,bitonic_sort_step,bitonic_sort_step..,"5,57","0,00","13,59","78,26",26,"262144,    1,    1","  512,    1,    1"
321,0.00,bitonic_sort_step,bitonic_sort_step..,"5,48","0,00","12,50","67,27",26,"262144,    1,    1","  512,    1,    1"
322,0.00,bitonic_sort_step,bitonic_sort_step..,"5,10","0,00","12,91","61,12",26,"262144,    1,    1","  512,    1,    1"
323,0.00,bitonic_sort_step,bitonic_sort_step..,"4,19","0,00","13,83","54,43",26,"262144,    1,    1","  512,    1,    1"
324,0.00,bitonic_sort_step,bitonic_sort_step..,"3,20","0,00","14,43","59,69",26,"262144,    1,    1","  512,    1,    1"
325,0.00,bitonic_sort_step,bitonic_sort_step..,"5,65","0,00","6,14","85,77",26,"262144,    1,    1","  512,    1,    1"
326,0.00,bitonic_sort_step,bitonic_sort_step..,"5,64","0,00","6,11","85,39",26,"262144,    1,    1","  512,    1,    1"
327,0.00,bitonic_sort_step,bitonic_sort_step..,"5,66","0,00","6,12","85,33",26,"262144,    1,    1","  512,    1,    1"
328,0.00,bitonic_sort_step,bitonic_sort_step..,"5,50","0,00","6,24","86,89",26,"262144,    1,    1","  512,    1,    1"
329,0.00,bitonic_sort_step,bitonic_sort_step..,"5,44","0,00","6,25","86,94",26,"262144,    1,    1","  512,    1,    1"
330,0.00,bitonic_sort_step,bitonic_sort_step..,"5,35","0,00","6,26","87,14",26,"262144,    1,    1","  512,    1,    1"
331,0.00,bitonic_sort_step,bitonic_sort_step..,"5,28","0,00","6,28","87,13",26,"262144,    1,    1","  512,    1,    1"
332,0.00,bitonic_sort_step,bitonic_sort_step..,"5,16","0,00","6,32","87,16",26,"262144,    1,    1","  512,    1,    1"
333,0.00,bitonic_sort_step,bitonic_sort_step..,"5,08","0,00","6,36","87,58",26,"262144,    1,    1","  512,    1,    1"
334,0.00,bitonic_sort_step,bitonic_sort_step..,"5,21","0,00","6,35","87,91",26,"262144,    1,    1","  512,    1,    1"
335,0.00,bitonic_sort_step,bitonic_sort_step..,"5,36","0,00","6,30","87,61",26,"262144,    1,    1","  512,    1,    1"
336,0.00,bitonic_sort_step,bitonic_sort_step..,"5,36","0,00","6,29","87,36",26,"262144,    1,    1","  512,    1,    1"
337,0.00,bitonic_sort_step,bitonic_sort_step..,"5,40","0,00","6,31","87,27",26,"262144,    1,    1","  512,    1,    1"
338,0.00,bitonic_sort_step,bitonic_sort_step..,"5,30","0,00","6,32","87,50",26,"262144,    1,    1","  512,    1,    1"
339,0.00,bitonic_sort_step,bitonic_sort_step..,"5,28","0,00","6,36","87,19",26,"262144,    1,    1","  512,    1,    1"
340,0.00,bitonic_sort_step,bitonic_sort_step..,"5,30","0,00","6,29","86,64",26,"262144,    1,    1","  512,    1,    1"
341,0.00,bitonic_sort_step,bitonic_sort_step..,"5,45","0,00","6,20","85,27",26,"262144,    1,    1","  512,    1,    1"
342,0.00,bitonic_sort_step,bitonic_sort_step..,"5,44","0,00","6,18","83,50",26,"262144,    1,    1","  512,    1,    1"
343,0.00,bitonic_sort_step,bitonic_sort_step..,"5,84","0,00","6,11","81,30",26,"262144,    1,    1","  512,    1,    1"
344,0.00,bitonic_sort_step,bitonic_sort_step..,"5,55","0,00","6,61","83,15",26,"262144,    1,    1","  512,    1,    1"
345,0.00,bitonic_sort_step,bitonic_sort_step..,"5,99","0,00","6,84","77,80",26,"262144,    1,    1","  512,    1,    1"
346,0.00,bitonic_sort_step,bitonic_sort_step..,"5,43","0,00","13,58","78,97",26,"262144,    1,    1","  512,    1,    1"
347,0.00,bitonic_sort_step,bitonic_sort_step..,"5,15","0,00","12,92","67,78",26,"262144,    1,    1","  512,    1,    1"
348,0.00,bitonic_sort_step,bitonic_sort_step..,"4,98","0,00","13,16","60,84",26,"262144,    1,    1","  512,    1,    1"
349,0.00,bitonic_sort_step,bitonic_sort_step..,"4,43","0,00","13,87","51,91",26,"262144,    1,    1","  512,    1,    1"
350,0.00,bitonic_sort_step,bitonic_sort_step..,"3,22","0,00","14,80","59,50",26,"262144,    1,    1","  512,    1,    1"
351,0.00,bitonic_sort_step,bitonic_sort_step..,"1,80","0,00","9,76","85,59",26,"262144,    1,    1","  512,    1,    1"
352,0.00,bitonic_sort_step,bitonic_sort_step..,"5,46","0,00","6,18","85,91",26,"262144,    1,    1","  512,    1,    1"
353,0.00,bitonic_sort_step,bitonic_sort_step..,"3,67","0,00","6,64","85,84",26,"262144,    1,    1","  512,    1,    1"
354,0.00,bitonic_sort_step,bitonic_sort_step..,"3,70","0,00","6,64","85,50",26,"262144,    1,    1","  512,    1,    1"
355,0.00,bitonic_sort_step,bitonic_sort_step..,"3,66","0,00","6,73","87,20",26,"262144,    1,    1","  512,    1,    1"
356,0.00,bitonic_sort_step,bitonic_sort_step..,"3,73","0,00","6,73","87,74",26,"262144,    1,    1","  512,    1,    1"
357,0.00,bitonic_sort_step,bitonic_sort_step..,"3,74","0,00","6,73","87,42",26,"262144,    1,    1","  512,    1,    1"
358,0.00,bitonic_sort_step,bitonic_sort_step..,"3,73","0,00","6,74","87,53",26,"262144,    1,    1","  512,    1,    1"
359,0.00,bitonic_sort_step,bitonic_sort_step..,"3,92","0,00","6,65","87,32",26,"262144,    1,    1","  512,    1,    1"
360,0.00,bitonic_sort_step,bitonic_sort_step..,"3,59","0,00","6,81","87,94",26,"262144,    1,    1","  512,    1,    1"
361,0.00,bitonic_sort_step,bitonic_sort_step..,"4,06","0,00","6,64","87,94",26,"262144,    1,    1","  512,    1,    1"
362,0.00,bitonic_sort_step,bitonic_sort_step..,"3,90","0,00","6,69","87,70",26,"262144,    1,    1","  512,    1,    1"
363,0.00,bitonic_sort_step,bitonic_sort_step..,"3,69","0,00","6,79","87,91",26,"262144,    1,    1","  512,    1,    1"
364,0.00,bitonic_sort_step,bitonic_sort_step..,"3,74","0,00","6,76","88,04",26,"262144,    1,    1","  512,    1,    1"
365,0.00,bitonic_sort_step,bitonic_sort_step..,"4,05","0,00","6,64","87,69",26,"262144,    1,    1","  512,    1,    1"
366,0.00,bitonic_sort_step,bitonic_sort_step..,"3,89","0,00","6,68","86,84",26,"262144,    1,    1","  512,    1,    1"
367,0.00,bitonic_sort_step,bitonic_sort_step..,"3,83","0,00","6,58","85,98",26,"262144,    1,    1","  512,    1,    1"
368,0.00,bitonic_sort_step,bitonic_sort_step..,"4,27","0,00","6,44","84,14",26,"262144,    1,    1","  512,    1,    1"
369,0.00,bitonic_sort_step,bitonic_sort_step..,"4,21","0,00","6,42","81,85",26,"262144,    1,    1","  512,    1,    1"
370,0.00,bitonic_sort_step,bitonic_sort_step..,"4,61","0,00","6,28","78,77",26,"262144,    1,    1","  512,    1,    1"
371,0.00,bitonic_sort_step,bitonic_sort_step..,"4,21","0,00","7,19","81,56",26,"262144,    1,    1","  512,    1,    1"
372,0.00,bitonic_sort_step,bitonic_sort_step..,"5,00","0,00","7,33","74,69",26,"262144,    1,    1","  512,    1,    1"
373,0.00,bitonic_sort_step,bitonic_sort_step..,"4,55","0,00","13,86","76,94",26,"262144,    1,    1","  512,    1,    1"
374,0.00,bitonic_sort_step,bitonic_sort_step..,"4,41","0,00","13,09","65,78",26,"262144,    1,    1","  512,    1,    1"
375,0.00,bitonic_sort_step,bitonic_sort_step..,"3,94","0,00","13,47","62,31",26,"262144,    1,    1","  512,    1,    1"
376,0.00,bitonic_sort_step,bitonic_sort_step..,"2,57","0,00","14,97","66,03",26,"262144,    1,    1","  512,    1,    1"
377,0.00,bitonic_sort_step,bitonic_sort_step..,"2,63","0,00","15,12","65,31",26,"262144,    1,    1","  512,    1,    1"
378,0.00,spmv,"spmv(_CsrMatrix_t *, double..","3,52","0,00","9,43","88,21",16,"96875,    1,    1"," 1024,    1,    1"
379,0.00,spmv,"spmv(_CsrMatrix_t *, double..","3,53","0,00","9,43","87,95",16,"96875,    1,    1"," 1024,    1,    1"
380,0.00,spmv,"spmv(_CsrMatrix_t *, double..","3,48","0,00","9,44","89,22",16,"96875,    1,    1"," 1024,    1,    1"
381,0.00,spmv,"spmv(_CsrMatrix_t *, double..","3,49","0,00","9,36","88,99",16,"96875,    1,    1"," 1024,    1,    1"
382,0.00,spmv,"spmv(_CsrMatrix_t *, double..","3,55","0,00","9,40","87,67",16,"96875,    1,    1"," 1024,    1,    1"
383,0.00,spmv,"spmv(_CsrMatrix_t *, double..","3,51","0,00","9,50","88,56",16,"96875,    1,    1"," 1024,    1,    1"
384,0.00,spmv,"spmv(_CsrMatrix_t *, double..","3,53","0,00","9,41","87,94",16,"96875,    1,    1"," 1024,    1,    1"
385,0.00,spmv,"spmv(_CsrMatrix_t *, double..","3,46","0,00","9,37","89,63",16,"96875,    1,    1"," 1024,    1,    1"
386,0.00,spmv,"spmv(_CsrMatrix_t *, double..","3,50","0,00","9,39","88,74",16,"96875,    1,    1"," 1024,    1,    1"
387,0.00,spmv,"spmv(_CsrMatrix_t *, double..","3,51","0,00","9,42","88,57",16,"96875,    1,    1"," 1024,    1,    1"
388,0.00,spmv,"spmv(_CsrMatrix_t *, double..","3,51","0,00","9,46","88,44",16,"96875,    1,    1"," 1024,    1,    1"
389,0.00,spmv,"spmv(_CsrMatrix_t *, double..","3,49","0,00","9,45","88,89",16,"96875,    1,    1"," 1024,    1,    1"
390,0.00,spmv,"spmv(_CsrMatrix_t *, double..","3,50","0,00","9,45","88,77",16,"96875,    1,    1"," 1024,    1,    1"
391,0.00,spmv,"spmv(_CsrMatrix_t *, double..","3,56","0,00","9,48","87,25",16,"96875,    1,    1"," 1024,    1,    1"
